{
  "best_val_top1": 0.7251725172517252,
  "best_val_macro_f1": 0.7199256420135498,
  "best_model_path": "C:\\Computing\\Aether-eye\\experiments\\aircraft\\run_04_convnext_small\\best.pt",
  "num_classes": 100,
  "class_names": [
    "707-320",
    "727-200",
    "737-200",
    "737-300",
    "737-400",
    "737-500",
    "737-600",
    "737-700",
    "737-800",
    "737-900",
    "747-100",
    "747-200",
    "747-300",
    "747-400",
    "757-200",
    "757-300",
    "767-200",
    "767-300",
    "767-400",
    "777-200",
    "777-300",
    "A300B4",
    "A310",
    "A318",
    "A319",
    "A320",
    "A321",
    "A330-200",
    "A330-300",
    "A340-200",
    "A340-300",
    "A340-500",
    "A340-600",
    "A380",
    "ATR-42",
    "ATR-72",
    "An-12",
    "BAE 146-200",
    "BAE 146-300",
    "BAE-125",
    "Beechcraft 1900",
    "Boeing 717",
    "C-130",
    "C-47",
    "CRJ-200",
    "CRJ-700",
    "CRJ-900",
    "Cessna 172",
    "Cessna 208",
    "Cessna 525",
    "Cessna 560",
    "Challenger 600",
    "DC-10",
    "DC-3",
    "DC-6",
    "DC-8",
    "DC-9-30",
    "DH-82",
    "DHC-1",
    "DHC-6",
    "DHC-8-100",
    "DHC-8-300",
    "DR-400",
    "Dornier 328",
    "E-170",
    "E-190",
    "E-195",
    "EMB-120",
    "ERJ 135",
    "ERJ 145",
    "Embraer Legacy 600",
    "Eurofighter Typhoon",
    "F-16A/B",
    "F/A-18",
    "Falcon 2000",
    "Falcon 900",
    "Fokker 100",
    "Fokker 50",
    "Fokker 70",
    "Global Express",
    "Gulfstream IV",
    "Gulfstream V",
    "Hawk T1",
    "Il-76",
    "L-1011",
    "MD-11",
    "MD-80",
    "MD-87",
    "MD-90",
    "Metroliner",
    "Model B200",
    "PA-28",
    "SR-20",
    "Saab 2000",
    "Saab 340",
    "Spitfire",
    "Tornado",
    "Tu-134",
    "Tu-154",
    "Yak-42"
  ],
  "class_counts_train": [
    34,
    33,
    33,
    34,
    33,
    33,
    34,
    33,
    33,
    34,
    33,
    33,
    34,
    33,
    33,
    34,
    33,
    33,
    34,
    33,
    33,
    34,
    33,
    33,
    34,
    33,
    33,
    34,
    33,
    33,
    34,
    33,
    33,
    34,
    33,
    33,
    34,
    33,
    33,
    34,
    33,
    33,
    34,
    33,
    33,
    34,
    33,
    33,
    34,
    33,
    33,
    34,
    33,
    33,
    34,
    33,
    33,
    34,
    33,
    33,
    34,
    33,
    33,
    34,
    33,
    33,
    34,
    33,
    33,
    34,
    33,
    33,
    34,
    33,
    33,
    34,
    33,
    33,
    34,
    33,
    33,
    34,
    33,
    33,
    34,
    33,
    33,
    34,
    33,
    33,
    34,
    33,
    33,
    34,
    33,
    33,
    34,
    33,
    33,
    34
  ],
  "history": [
    {
      "epoch": 1,
      "lr": 4.9999999999999996e-05,
      "train": {
        "loss": 4.082242389746462,
        "top1": 0.10437912417516497,
        "top5": 0.24025194961007798,
        "macro_f1": 0.10556945949792862
      },
      "val": {
        "loss": 3.1379207628394905,
        "top1": 0.2298229822982298,
        "top5": 0.5070507050705071,
        "macro_f1": 0.20458173751831055
      }
    },
    {
      "epoch": 2,
      "lr": 9.999999999999999e-05,
      "train": {
        "loss": 2.286322590256424,
        "top1": 0.4490101979604079,
        "top5": 0.7375524895020996,
        "macro_f1": 0.44797080755233765
      },
      "val": {
        "loss": 2.3416256120603363,
        "top1": 0.4314431443144314,
        "top5": 0.7320732073207321,
        "macro_f1": 0.4158007502555847
      }
    },
    {
      "epoch": 3,
      "lr": 0.00015,
      "train": {
        "loss": 1.4720918409968824,
        "top1": 0.6682663467306539,
        "top5": 0.9250149970005999,
        "macro_f1": 0.6662389636039734
      },
      "val": {
        "loss": 2.344400095431754,
        "top1": 0.43744374437443745,
        "top5": 0.7683768376837684,
        "macro_f1": 0.4257173240184784
      }
    },
    {
      "epoch": 4,
      "lr": 0.00014972981164068947,
      "train": {
        "loss": 0.9781614161925039,
        "top1": 0.8290341931613677,
        "top5": 0.9847030593881224,
        "macro_f1": 0.8290479183197021
      },
      "val": {
        "loss": 2.2587093981829556,
        "top1": 0.5007500750075008,
        "top5": 0.7914791479147915,
        "macro_f1": 0.4834320545196533
      }
    },
    {
      "epoch": 5,
      "lr": 0.00014892119327607813,
      "train": {
        "loss": 0.6850709593002855,
        "top1": 0.9319136172765446,
        "top5": 0.9982003599280144,
        "macro_f1": 0.9317622184753418
      },
      "val": {
        "loss": 1.9660216159660324,
        "top1": 0.5793579357935793,
        "top5": 0.8325832583258326,
        "macro_f1": 0.5723690986633301
      }
    },
    {
      "epoch": 6,
      "lr": 0.00014757997102001242,
      "train": {
        "loss": 0.5674132534537976,
        "top1": 0.9769046190761848,
        "top5": 0.9997000599880024,
        "macro_f1": 0.9768425226211548
      },
      "val": {
        "loss": 1.9180957424436786,
        "top1": 0.5955595559555955,
        "top5": 0.8454845484548454,
        "macro_f1": 0.5855408310890198
      }
    },
    {
      "epoch": 7,
      "lr": 0.0001457158084095813,
      "train": {
        "loss": 0.5235514083735301,
        "top1": 0.9868026394721056,
        "top5": 0.9994001199760048,
        "macro_f1": 0.9868459105491638
      },
      "val": {
        "loss": 1.948104705640299,
        "top1": 0.5886588658865887,
        "top5": 0.834083408340834,
        "macro_f1": 0.5835474133491516
      }
    },
    {
      "epoch": 8,
      "lr": 0.0001433421367791102,
      "train": {
        "loss": 0.5306933306617942,
        "top1": 0.9817036592681464,
        "top5": 0.9997000599880024,
        "macro_f1": 0.9816679954528809
      },
      "val": {
        "loss": 2.0589236016392243,
        "top1": 0.57005700570057,
        "top5": 0.8244824482448245,
        "macro_f1": 0.5678533315658569
      }
    },
    {
      "epoch": 9,
      "lr": 0.00014047605848708912,
      "train": {
        "loss": 0.48738850171364345,
        "top1": 0.994001199760048,
        "top5": 1.0,
        "macro_f1": 0.9940013289451599
      },
      "val": {
        "loss": 1.7857872626104048,
        "top1": 0.6345634563456346,
        "top5": 0.855985598559856,
        "macro_f1": 0.6302511692047119
      }
    },
    {
      "epoch": 10,
      "lr": 0.00013713822369328818,
      "train": {
        "loss": 0.4739223426698423,
        "top1": 0.995500899820036,
        "top5": 1.0,
        "macro_f1": 0.9955212473869324
      },
      "val": {
        "loss": 1.7186121934174847,
        "top1": 0.6513651365136514,
        "top5": 0.8688868886888689,
        "macro_f1": 0.6464871168136597
      }
    },
    {
      "epoch": 11,
      "lr": 0.00013335268157388296,
      "train": {
        "loss": 0.4728931026431566,
        "top1": 0.997000599880024,
        "top5": 1.0,
        "macro_f1": 0.996986448764801
      },
      "val": {
        "loss": 1.7695244422661374,
        "top1": 0.654065406540654,
        "top5": 0.8583858385838584,
        "macro_f1": 0.6449979543685913
      }
    },
    {
      "epoch": 12,
      "lr": 0.00012914670704658934,
      "train": {
        "loss": 0.4520283454574363,
        "top1": 1.0,
        "top5": 1.0,
        "macro_f1": 1.0
      },
      "val": {
        "loss": 1.701204512879686,
        "top1": 0.6624662466246625,
        "top5": 0.8721872187218722,
        "macro_f1": 0.655467689037323
      }
    },
    {
      "epoch": 13,
      "lr": 0.00012455060425425608,
      "train": {
        "loss": 0.4562729800183686,
        "top1": 0.9973005398920216,
        "top5": 1.0,
        "macro_f1": 0.9972801208496094
      },
      "val": {
        "loss": 1.6081225961813368,
        "top1": 0.6786678667866787,
        "top5": 0.8934893489348935,
        "macro_f1": 0.6705559492111206
      }
    },
    {
      "epoch": 14,
      "lr": 0.00011959748822282148,
      "train": {
        "loss": 0.44972382822863416,
        "top1": 0.9973005398920216,
        "top5": 1.0,